Industry,F1 Score,Sample Size
Aerospace,0.4270349197172794,10049
Pharmaceuticals,0.40828423697627386,15015
Consumer Goods,0.39266387655797863,20158
Automotive,0.3879602312859461,24934
Electronics,0.3787998335127408,29844
